id;Competición;Jornada;Partido;Árbitro;VAR;Minuto;Equipo afectado;Categoría;Subtipo;Pregunta;Decisión arbitral;Descripción;slug_imagen;slug_imagen2;slug_imagen3;slug_imagen4;slug_imagen5;slug_video;slug_video2;Respuesta si;Respuesta no;votos iniciales si;votos iniciales no;comentario1;usuarioComentario1;fechacomentario1;comentario2;usuarioComentario2;fechacomentario2;comentario3;usuarioComentario3;fechacomentario3;comentario4;usuarioComentario4;fechacomentario4;comentario5;usuarioComentario5;fechacomentario5
1;Champions;Año 1998;Real Madrid - Juventus;Hellmut Krug;;66;Real Madrid;Gol;pitado_favor;¿Era fuera de juego de Mijatovic?;Gol concedido;Posición dudosa en el gol que dio la séptima orejona al Real Madrid.;1;;;;;1;;No es fuera de juego.;Fuera de juego.;71;12;Robo como una casa!! Fuera de juego claro;Futbolero1987;17/01/2026 23:18;Hay dudas? Fuera de juego por mas de 1 metros.;BlaugranaSur;08/03/2026 16:42;Robando como llevan haciendo toda la vida.;VAR_Analisis;21/04/2026 11:07;Otra champions más robada de los tantos atracos que tienen en su historia.;Piki;14/06/2026 20:35;Lo habilitaba un jugador que se quedó descolgado y no sale en la imagen. A llorar a la llorería.;Varmi;29/07/2026 9:54
;;;;;;;;;;;;;;;;;;;;;;;;;;;;;;;;;;;;;;
;;;;;;;;;;;;;;;;;;;;;;;;;;;;;;;;;;;;;;
;;;;;;;;;;;;;;;;;;;;;;;;;;;;;;;;;;;;;;
;;;;;;;;;;;;;;;;;;;;;;;;;;;;;;;;;;;;;;
;;;;;;;;;;;;;;;;;;;;;;;;;;;;;;;;;;;;;;
;;;;;;;;;;;;;;;;;;;;;;;;;;;;;;;;;;;;;;
;;;;;;;;;;;;;;;;;;;;;;;;;;;;;;;;;;;;;;
;;;;;;;;;;;;;;;;;;;;;;;;;;;;;;;;;;;;;;
;;;;;;;;;;;;;;;;;;;;;;;;;;;;;;;;;;;;;;
;;;;;;;;;;;;;;;;;;;;;;;;;;;;;;;;;;;;;;
;;;;;;;;;;;;;;;;;;;;;;;;;;;;;;;;;;;;;;
;;;;;;;;;;;;;;;;;;;;;;;;;;;;;;;;;;;;;;
;;;;;;;;;;;;;;;;;;;;;;;;;;;;;;;;;;;;;;
;;;;;;;;;;;;;;;;;;;;;;;;;;;;;;;;;;;;;;
;;;;;;;;;;;;;;;;;;;;;;;;;;;;;;;;;;;;;;
;;;;;;;;;;;;;;;;;;;;;;;;;;;;;;;;;;;;;;
;;;;;;;;;;;;;;;;;;;;;;;;;;;;;;;;;;;;;;
;;;;;;;;;;;;;;;;;;;;;;;;;;;;;;;;;;;;;;
;;;;;;;;;;;;;;;;;;;;;;;;;;;;;;;;;;;;;;
;;;;;;;;;;;;;;;;;;;;;;;;;;;;;;;;;;;;;;
;;;;;;;;;;;;;;;;;;;;;;;;;;;;;;;;;;;;;;
;;;;;;;;;;;;;;;;;;;;;;;;;;;;;;;;;;;;;;
;;;;;;;;;;;;;;;;;;;;;;;;;;;;;;;;;;;;;;
